{"Mean":{"confidence_interval":{"confidence_level":0.95,"lower_bound":5.713664384180117,"upper_bound":6.044106072751868},"point_estimate":5.870142249979615,"standard_error":0.08465091977962854},"Median":{"confidence_interval":{"confidence_level":0.95,"lower_bound":5.478856874164835,"upper_bound":5.645012089680772},"point_estimate":5.566047023737502,"standard_error":0.04823954556285648},"MedianAbsDev":{"confidence_interval":{"confidence_level":0.95,"lower_bound":0.2200380155820432,"upper_bound":0.4461823129629612},"point_estimate":0.3335799442572875,"standard_error":0.06184480184622951},"Slope":{"confidence_interval":{"confidence_level":0.95,"lower_bound":5.516031880245143,"upper_bound":5.681335021945501},"point_estimate":5.590368067903833,"standard_error":0.04217810881025184},"StdDev":{"confidence_interval":{"confidence_level":0.95,"lower_bound":0.6205693536246124,"upper_bound":1.032389372224532},"point_estimate":0.8492434048144485,"standard_error":0.10564654686696655}}