{"Mean":{"confidence_interval":{"confidence_level":0.95,"lower_bound":0.3071003296640803,"upper_bound":0.4103737932126345},"point_estimate":0.3587077399998879,"standard_error":0.026409519776841526},"Median":{"confidence_interval":{"confidence_level":0.95,"lower_bound":0.4079112536358198,"upper_bound":0.5023792206692717},"point_estimate":0.4285607383333123,"standard_error":0.02249254150307408}}