{"Mean":{"confidence_interval":{"confidence_level":0.95,"lower_bound":7.768310198104226,"upper_bound":8.170905732738925},"point_estimate":7.97580770994766,"standard_error":0.10277667645197307},"Median":{"confidence_interval":{"confidence_level":0.95,"lower_bound":7.917443122219419,"upper_bound":8.332480251052772},"point_estimate":7.951436245828381,"standard_error":0.09610694778014356},"MedianAbsDev":{"confidence_interval":{"confidence_level":0.95,"lower_bound":0.14452722270046734,"upper_bound":1.111041216935342},"point_estimate":1.0714518561416909,"standard_error":0.2765141056822028},"Slope":{"confidence_interval":{"confidence_level":0.95,"lower_bound":6.854038467231836,"upper_bound":7.543382678748255},"point_estimate":7.188033286209706,"standard_error":0.17633020533828326},"StdDev":{"confidence_interval":{"confidence_level":0.95,"lower_bound":0.8051177294438964,"upper_bound":1.2214955276634048},"point_estimate":1.0329688084802494,"standard_error":0.10599646412304915}}